PG,SG,SF,PF,C,G,F,UTIL
Dennis Schroder (11999229),Devin Booker (11999128),Sam Dekker (11999334),Julius Randle (11999124),Jahlil Okafor (11999227),Andrew Wiggins (11999191),DeMarcus Cousins (11999182),Karl-Anthony Towns (11999098)
Dennis Schroder (11999229),E'Twaun Moore (11999291),Andrew Wiggins (11999191),DeMarcus Cousins (11999182),Julius Randle (11999124),Damian Lillard (11999115),Brandon Ingram (11999155),Devin Booker (11999128)
Dennis Schroder (11999229),Devin Booker (11999128),Josh Jackson (11999213),Meyers Leonard (11999343),Jahlil Okafor (11999227),Russell Westbrook (11999091),Julius Randle (11999124),Andrew Wiggins (11999191)
Devin Booker (11999128),Dennis Schroder (11999229),Paul George (11999100),DeMarcus Cousins (11999182),Julius Randle (11999124),Andrew Wiggins (11999191),Mikal Bridges (11999314),Jahlil Okafor (11999227)
Dennis Schroder (11999229),Devin Booker (11999128),Brandon Ingram (11999155),Julius Randle (11999124),Jahlil Okafor (11999227),Damian Lillard (11999115),Andrew Wiggins (11999191),Josh Hart (11999235)
Dennis Schroder (11999229),Devin Booker (11999128),Josh Hart (11999235),DeMarcus Cousins (11999182),Jahlil Okafor (11999227),Andrew Wiggins (11999191),Julius Randle (11999124),Kevin Durant (11999108)
Dennis Schroder (11999229),Josh Hart (11999235),Andrew Wiggins (11999191),DeMarcus Cousins (11999182),Karl-Anthony Towns (11999098),Brandon Ingram (11999155),Julius Randle (11999124),Jahlil Okafor (11999227)
Dennis Schroder (11999229),Devin Booker (11999128),Kyle Kuzma (11999132),DeMarcus Cousins (11999182),Steven Adams (11999140),Andrew Wiggins (11999191),Julius Randle (11999124),Jahlil Okafor (11999227)
Devin Booker (11999128),Dennis Schroder (11999229),Andrew Wiggins (11999191),DeMarcus Cousins (11999182),Meyers Leonard (11999343),Kentavious Caldwell-Pope (11999259),Julius Randle (11999124),Russell Westbrook (11999091)
Russell Westbrook (11999091),Dennis Schroder (11999229),Brandon Ingram (11999155),DeMarcus Cousins (11999182),Jahlil Okafor (11999227),Mikal Bridges (11999314),Julius Randle (11999124),Andrew Wiggins (11999191)
Devin Booker (11999128),Brandon Ingram (11999155),Andrew Wiggins (11999191),Julius Randle (11999124),Meyers Leonard (11999343),Dennis Schroder (11999229),Paul George (11999100),Jahlil Okafor (11999227)
Damian Lillard (11999115),Devin Booker (11999128),Mikal Bridges (11999314),Julius Randle (11999124),DeMarcus Cousins (11999182),Brandon Ingram (11999155),Andrew Wiggins (11999191),Jahlil Okafor (11999227)
Devin Booker (11999128),Dennis Schroder (11999229),Kentavious Caldwell-Pope (11999259),Julius Randle (11999124),Jahlil Okafor (11999227),Stephen Curry (11999104),Andrew Wiggins (11999191),DeMarcus Cousins (11999182)
Russell Westbrook (11999091),Dennis Schroder (11999229),Josh Jackson (11999213),Julius Randle (11999124),Jahlil Okafor (11999227),Andrew Wiggins (11999191),DeMarcus Cousins (11999182),Josh Hart (11999235)
Dennis Schroder (11999229),Andrew Wiggins (11999191),Josh Jackson (11999213),Julius Randle (11999124),Jahlil Okafor (11999227),Brandon Ingram (11999155),DeMarcus Cousins (11999182),Paul George (11999100)
Devin Booker (11999128),Dennis Schroder (11999229),Josh Jackson (11999213),DeMarcus Cousins (11999182),Jahlil Okafor (11999227),Andrew Wiggins (11999191),Julius Randle (11999124),Jusuf Nurkic (11999122)
Dennis Schroder (11999229),Andrew Wiggins (11999191),Kentavious Caldwell-Pope (11999259),DeMarcus Cousins (11999182),Jahlil Okafor (11999227),Russell Westbrook (11999091),Brandon Ingram (11999155),Devin Booker (11999128)
Devin Booker (11999128),Dennis Schroder (11999229),Andrew Wiggins (11999191),DeMarcus Cousins (11999182),Jahlil Okafor (11999227),Josh Hart (11999235),Draymond Green (11999164),Russell Westbrook (11999091)
Devin Booker (11999128),Andrew Wiggins (11999191),Darius Miller (11999355),DeMarcus Cousins (11999182),Draymond Green (11999164),Russell Westbrook (11999091),Brandon Ingram (11999155),Jahlil Okafor (11999227)
Devin Booker (11999128),Josh Okogie (11999254),Andrew Wiggins (11999191),Julius Randle (11999124),Jahlil Okafor (11999227),Russell Westbrook (11999091),DeMarcus Cousins (11999182),Meyers Leonard (11999343)
Devin Booker (11999128),Dennis Schroder (11999229),Andrew Wiggins (11999191),Julius Randle (11999124),Jahlil Okafor (11999227),Mikal Bridges (11999314),Josh Hart (11999235),Russell Westbrook (11999091)
Dennis Schroder (11999229),Brandon Ingram (11999155),Andrew Wiggins (11999191),Julius Randle (11999124),DeMarcus Cousins (11999182),Bradley Beal (11999112),Draymond Green (11999164),Jahlil Okafor (11999227)
Devin Booker (11999128),Dennis Schroder (11999229),Andrew Wiggins (11999191),Julius Randle (11999124),Meyers Leonard (11999343),E'Twaun Moore (11999291),Brandon Ingram (11999155),Russell Westbrook (11999091)
Devin Booker (11999128),Josh Okogie (11999254),Andrew Wiggins (11999191),Julius Randle (11999124),Jahlil Okafor (11999227),Damian Lillard (11999115),DeMarcus Cousins (11999182),Dennis Schroder (11999229)
Devin Booker (11999128),Brandon Ingram (11999155),Kevin Durant (11999108),Julius Randle (11999124),Meyers Leonard (11999343),Andrew Wiggins (11999191),DeMarcus Cousins (11999182),Dennis Schroder (11999229)
Dennis Schroder (11999229),Devin Booker (11999128),Andrew Wiggins (11999191),Darius Miller (11999355),Julius Randle (11999124),Brandon Ingram (11999155),Mikal Bridges (11999314),Russell Westbrook (11999091)
Devin Booker (11999128),Dennis Schroder (11999229),Brandon Ingram (11999155),Draymond Green (11999164),Jahlil Okafor (11999227),Russell Westbrook (11999091),Andrew Wiggins (11999191),E'Twaun Moore (11999291)
Dennis Schroder (11999229),CJ McCollum (11999151),Andrew Wiggins (11999191),Draymond Green (11999164),Jahlil Okafor (11999227),Damian Lillard (11999115),Julius Randle (11999124),DeMarcus Cousins (11999182)
Russell Westbrook (11999091),Devin Booker (11999128),Andrew Wiggins (11999191),Meyers Leonard (11999343),Julius Randle (11999124),Brandon Ingram (11999155),Mikal Bridges (11999314),Jahlil Okafor (11999227)
Devin Booker (11999128),Mikal Bridges (11999314),Brandon Ingram (11999155),Julius Randle (11999124),Meyers Leonard (11999343),Russell Westbrook (11999091),DeMarcus Cousins (11999182),Dennis Schroder (11999229)
Russell Westbrook (11999091),Devin Booker (11999128),Andrew Wiggins (11999191),DeMarcus Cousins (11999182),Julius Randle (11999124),Chasson Randle (11999405),Brandon Ingram (11999155),Darius Miller (11999355)
Devin Booker (11999128),Dennis Schroder (11999229),Andrew Wiggins (11999191),Julius Randle (11999124),Jahlil Okafor (11999227),Bradley Beal (11999112),DeMarcus Cousins (11999182),Jeff Green (11999264)
Devin Booker (11999128),Brandon Ingram (11999155),Kevin Durant (11999108),Julius Randle (11999124),Jahlil Okafor (11999227),Mikal Bridges (11999314),DeMarcus Cousins (11999182),Dennis Schroder (11999229)
Dennis Schroder (11999229),Devin Booker (11999128),Brandon Ingram (11999155),DeMarcus Cousins (11999182),Draymond Green (11999164),Damian Lillard (11999115),Andrew Wiggins (11999191),Jahlil Okafor (11999227)
Devin Booker (11999128),Dennis Schroder (11999229),Brandon Ingram (11999155),Julius Randle (11999124),Jahlil Okafor (11999227),Andrew Wiggins (11999191),DeMarcus Cousins (11999182),CJ McCollum (11999151)
Devin Booker (11999128),Mikal Bridges (11999314),Andrew Wiggins (11999191),Julius Randle (11999124),DeMarcus Cousins (11999182),Dennis Schroder (11999229),E'Twaun Moore (11999291),Russell Westbrook (11999091)
Devin Booker (11999128),Andrew Wiggins (11999191),Andre Iguodala (11999296),Josh Jackson (11999213),Jahlil Okafor (11999227),Dennis Schroder (11999229),Julius Randle (11999124),Karl-Anthony Towns (11999098)
Devin Booker (11999128),Chasson Randle (11999405),Andrew Wiggins (11999191),Julius Randle (11999124),DeMarcus Cousins (11999182),Dennis Schroder (11999229),Josh Hart (11999235),Russell Westbrook (11999091)
Dennis Schroder (11999229),Devin Booker (11999128),Andrew Wiggins (11999191),Julius Randle (11999124),Jahlil Okafor (11999227),Chasson Randle (11999405),Draymond Green (11999164),Karl-Anthony Towns (11999098)
Dennis Schroder (11999229),Brandon Ingram (11999155),Andrew Wiggins (11999191),Julius Randle (11999124),Jahlil Okafor (11999227),Stephen Curry (11999104),Josh Jackson (11999213),Draymond Green (11999164)
Dennis Schroder (11999229),Devin Booker (11999128),Andrew Wiggins (11999191),Darius Miller (11999355),DeMarcus Cousins (11999182),Josh Okogie (11999254),Julius Randle (11999124),Russell Westbrook (11999091)
Dennis Schroder (11999229),Brandon Ingram (11999155),Andrew Wiggins (11999191),Josh Jackson (11999213),Julius Randle (11999124),Russell Westbrook (11999091),Darius Miller (11999355),DeMarcus Cousins (11999182)
Russell Westbrook (11999091),Andrew Wiggins (11999191),Brandon Ingram (11999155),Darius Miller (11999355),Jahlil Okafor (11999227),Dennis Schroder (11999229),DeMarcus Cousins (11999182),Damian Lillard (11999115)
Damian Lillard (11999115),Devin Booker (11999128),Andrew Wiggins (11999191),Draymond Green (11999164),Julius Randle (11999124),Dennis Schroder (11999229),DeMarcus Cousins (11999182),Darius Miller (11999355)
Devin Booker (11999128),Dennis Schroder (11999229),Josh Hart (11999235),Julius Randle (11999124),DeMarcus Cousins (11999182),Russell Westbrook (11999091),Meyers Leonard (11999343),Jahlil Okafor (11999227)
Devin Booker (11999128),Dennis Schroder (11999229),Mikal Bridges (11999314),Julius Randle (11999124),DeMarcus Cousins (11999182),Russell Westbrook (11999091),Kentavious Caldwell-Pope (11999259),Jahlil Okafor (11999227)
Dennis Schroder (11999229),Andrew Wiggins (11999191),Brandon Ingram (11999155),Draymond Green (11999164),Steven Adams (11999140),Devin Booker (11999128),Julius Randle (11999124),Jahlil Okafor (11999227)
Dennis Schroder (11999229),Brandon Ingram (11999155),Josh Jackson (11999213),Julius Randle (11999124),Jahlil Okafor (11999227),Andrew Wiggins (11999191),Kentavious Caldwell-Pope (11999259),Russell Westbrook (11999091)
Damian Lillard (11999115),Devin Booker (11999128),Josh Jackson (11999213),Julius Randle (11999124),DeMarcus Cousins (11999182),Andrew Wiggins (11999191),Josh Hart (11999235),Jahlil Okafor (11999227)
Devin Booker (11999128),Mikal Bridges (11999314),Brandon Ingram (11999155),Jeff Green (11999264),Jahlil Okafor (11999227),Dennis Schroder (11999229),Julius Randle (11999124),Russell Westbrook (11999091)
Devin Booker (11999128),Andrew Wiggins (11999191),Josh Jackson (11999213),DeMarcus Cousins (11999182),Jahlil Okafor (11999227),Brandon Ingram (11999155),Julius Randle (11999124),Draymond Green (11999164)
Devin Booker (11999128),Dennis Schroder (11999229),Andrew Wiggins (11999191),DeMarcus Cousins (11999182),Karl-Anthony Towns (11999098),E'Twaun Moore (11999291),Brandon Ingram (11999155),Jahlil Okafor (11999227)
Devin Booker (11999128),Josh Hart (11999235),Andrew Wiggins (11999191),Josh Jackson (11999213),Julius Randle (11999124),Dennis Schroder (11999229),Darius Miller (11999355),Russell Westbrook (11999091)
Dennis Schroder (11999229),Mikal Bridges (11999314),Andrew Wiggins (11999191),Julius Randle (11999124),Meyers Leonard (11999343),Devin Booker (11999128),Draymond Green (11999164),Russell Westbrook (11999091)
Devin Booker (11999128),Dennis Schroder (11999229),Andrew Wiggins (11999191),Julius Randle (11999124),Jusuf Nurkic (11999122),Kentavious Caldwell-Pope (11999259),Brandon Ingram (11999155),Jahlil Okafor (11999227)
Devin Booker (11999128),Dennis Schroder (11999229),Andrew Wiggins (11999191),Julius Randle (11999124),Zach Collins (11999347),Andre Iguodala (11999296),DeMarcus Cousins (11999182),Russell Westbrook (11999091)
Dennis Schroder (11999229),Brandon Ingram (11999155),Andrew Wiggins (11999191),Julius Randle (11999124),Zach Collins (11999347),Devin Booker (11999128),Sam Dekker (11999334),Russell Westbrook (11999091)
Devin Booker (11999128),Dennis Schroder (11999229),Andrew Wiggins (11999191),Sam Dekker (11999334),Jahlil Okafor (11999227),Russell Westbrook (11999091),Kentavious Caldwell-Pope (11999259),Julius Randle (11999124)
Devin Booker (11999128),Andrew Wiggins (11999191),Mikal Bridges (11999314),Julius Randle (11999124),DeMarcus Cousins (11999182),Russell Westbrook (11999091),Sam Dekker (11999334),Jahlil Okafor (11999227)
Devin Booker (11999128),Dennis Schroder (11999229),Darius Miller (11999355),DeMarcus Cousins (11999182),Julius Randle (11999124),Andrew Wiggins (11999191),Mikal Bridges (11999314),Karl-Anthony Towns (11999098)
Dennis Schroder (11999229),Devin Booker (11999128),E'Twaun Moore (11999291),Meyers Leonard (11999343),Julius Randle (11999124),Andrew Wiggins (11999191),DeMarcus Cousins (11999182),Karl-Anthony Towns (11999098)
Dennis Schroder (11999229),Devin Booker (11999128),Josh Hart (11999235),Zach Collins (11999347),Julius Randle (11999124),Andrew Wiggins (11999191),DeMarcus Cousins (11999182),Karl-Anthony Towns (11999098)
Dennis Schroder (11999229),Devin Booker (11999128),Andre Iguodala (11999296),Jeff Green (11999264),Julius Randle (11999124),Andrew Wiggins (11999191),DeMarcus Cousins (11999182),Karl-Anthony Towns (11999098)
Dennis Schroder (11999229),Devin Booker (11999128),Andrew Wiggins (11999191),Dragan Bender (11999240),Zach Collins (11999347),Russell Westbrook (11999091),Julius Randle (11999124),Jahlil Okafor (11999227)
Devin Booker (11999128),Dennis Schroder (11999229),Kentavious Caldwell-Pope (11999259),Moe Harkless (11999301),Julius Randle (11999124),Andrew Wiggins (11999191),DeMarcus Cousins (11999182),Karl-Anthony Towns (11999098)
Dennis Schroder (11999229),Brandon Ingram (11999155),E'Twaun Moore (11999291),Julius Randle (11999124),DeMarcus Cousins (11999182),Josh Hart (11999235),Andrew Wiggins (11999191),Russell Westbrook (11999091)
Dennis Schroder (11999229),Devin Booker (11999128),Josh Jackson (11999213),Julius Randle (11999124),Jahlil Okafor (11999227),Chasson Randle (11999405),DeMarcus Cousins (11999182),Russell Westbrook (11999091)
Devin Booker (11999128),Dennis Schroder (11999229),Andrew Wiggins (11999191),Julius Randle (11999124),Zach Collins (11999347),E'Twaun Moore (11999291),Draymond Green (11999164),Russell Westbrook (11999091)
Russell Westbrook (11999091),Dennis Schroder (11999229),Brandon Ingram (11999155),Josh Jackson (11999213),Jahlil Okafor (11999227),Devin Booker (11999128),Josh Hart (11999235),Andrew Wiggins (11999191)
Devin Booker (11999128),Andrew Wiggins (11999191),Brandon Ingram (11999155),Darius Miller (11999355),Julius Randle (11999124),Dennis Schroder (11999229),DeMarcus Cousins (11999182),Jusuf Nurkic (11999122)
Devin Booker (11999128),Andrew Wiggins (11999191),Brandon Ingram (11999155),Julius Randle (11999124),Meyers Leonard (11999343),Russell Westbrook (11999091),Josh Jackson (11999213),Darius Miller (11999355)
Dennis Schroder (11999229),Devin Booker (11999128),Michael Beasley (11999305),Dragan Bender (11999240),Julius Randle (11999124),Andrew Wiggins (11999191),DeMarcus Cousins (11999182),Karl-Anthony Towns (11999098)
Dennis Schroder (11999229),Devin Booker (11999128),Kentavious Caldwell-Pope (11999259),Josh Jackson (11999213),Jahlil Okafor (11999227),Andrew Wiggins (11999191),Julius Randle (11999124),Damian Lillard (11999115)
Devin Booker (11999128),Andrew Wiggins (11999191),Brandon Ingram (11999155),Josh Jackson (11999213),Jahlil Okafor (11999227),Dennis Schroder (11999229),Kevin Durant (11999108),DeMarcus Cousins (11999182)
Russell Westbrook (11999091),Andrew Wiggins (11999191),Jeff Green (11999264),Josh Jackson (11999213),Jahlil Okafor (11999227),Devin Booker (11999128),DeMarcus Cousins (11999182),Dennis Schroder (11999229)
Dennis Schroder (11999229),Devin Booker (11999128),Paul George (11999100),Draymond Green (11999164),Jahlil Okafor (11999227),Andrew Wiggins (11999191),Julius Randle (11999124),Sam Dekker (11999334)
Dennis Schroder (11999229),Andrew Wiggins (11999191),Jeff Green (11999264),DeMarcus Cousins (11999182),Jahlil Okafor (11999227),Russell Westbrook (11999091),Julius Randle (11999124),Draymond Green (11999164)
Tomas Satoransky (11999209),Dennis Schroder (11999229),Paul George (11999100),Julius Randle (11999124),Jahlil Okafor (11999227),Andrew Wiggins (11999191),DeMarcus Cousins (11999182),Draymond Green (11999164)
Devin Booker (11999128),Andrew Wiggins (11999191),Brandon Ingram (11999155),Josh Jackson (11999213),DeMarcus Cousins (11999182),Dennis Schroder (11999229),E'Twaun Moore (11999291),Russell Westbrook (11999091)
Devin Booker (11999128),Dennis Schroder (11999229),Andrew Wiggins (11999191),Julius Randle (11999124),Jahlil Okafor (11999227),Brandon Ingram (11999155),Mikal Bridges (11999314),Stephen Curry (11999104)
Dennis Schroder (11999229),Devin Booker (11999128),Mikal Bridges (11999314),Julius Randle (11999124),Draymond Green (11999164),Damian Lillard (11999115),Andrew Wiggins (11999191),Jahlil Okafor (11999227)
Dennis Schroder (11999229),Andrew Wiggins (11999191),Otto Porter Jr. (11999160),Julius Randle (11999124),Jahlil Okafor (11999227),Devin Booker (11999128),Draymond Green (11999164),DeMarcus Cousins (11999182)
Devin Booker (11999128),Chasson Randle (11999405),Kentavious Caldwell-Pope (11999259),Julius Randle (11999124),DeMarcus Cousins (11999182),Russell Westbrook (11999091),Andrew Wiggins (11999191),Jahlil Okafor (11999227)
Devin Booker (11999128),Brandon Ingram (11999155),Andrew Wiggins (11999191),Josh Jackson (11999213),Jahlil Okafor (11999227),Damian Lillard (11999115),Julius Randle (11999124),Jeff Green (11999264)
Russell Westbrook (11999091),Brandon Ingram (11999155),Andrew Wiggins (11999191),Julius Randle (11999124),Gorgui Dieng (11999379),Dennis Schroder (11999229),Andre Iguodala (11999296),Devin Booker (11999128)
Rajon Rondo (11999217),Devin Booker (11999128),Andrew Wiggins (11999191),DeMarcus Cousins (11999182),Meyers Leonard (11999343),Russell Westbrook (11999091),Julius Randle (11999124),Darius Miller (11999355)
Devin Booker (11999128),Brandon Ingram (11999155),Andrew Wiggins (11999191),Darius Miller (11999355),Meyers Leonard (11999343),Dennis Schroder (11999229),Julius Randle (11999124),Karl-Anthony Towns (11999098)
Devin Booker (11999128),Andrew Wiggins (11999191),Josh Hart (11999235),DeMarcus Cousins (11999182),Steven Adams (11999140),Brandon Ingram (11999155),Julius Randle (11999124),Jahlil Okafor (11999227)
Devin Booker (11999128),Dennis Schroder (11999229),Andrew Wiggins (11999191),Julius Randle (11999124),Nerlens Noel (11999391),Brandon Ingram (11999155),E'Twaun Moore (11999291),Karl-Anthony Towns (11999098)
Russell Westbrook (11999091),Andrew Wiggins (11999191),Josh Jackson (11999213),Draymond Green (11999164),Jahlil Okafor (11999227),Dennis Schroder (11999229),DeMarcus Cousins (11999182),Brandon Ingram (11999155)
Dennis Schroder (11999229),Andrew Wiggins (11999191),Josh Jackson (11999213),Draymond Green (11999164),Jahlil Okafor (11999227),Mikal Bridges (11999314),Julius Randle (11999124),Russell Westbrook (11999091)
Devin Booker (11999128),Dennis Schroder (11999229),Andrew Wiggins (11999191),Sam Dekker (11999334),Julius Randle (11999124),Brandon Ingram (11999155),Mikal Bridges (11999314),Karl-Anthony Towns (11999098)
Dennis Schroder (11999229),Kentavious Caldwell-Pope (11999259),Andrew Wiggins (11999191),Julius Randle (11999124),Jahlil Okafor (11999227),Russell Westbrook (11999091),Dragan Bender (11999240),DeMarcus Cousins (11999182)
Dennis Schroder (11999229),Devin Booker (11999128),Andrew Wiggins (11999191),Julius Randle (11999124),Zach Collins (11999347),Brandon Ingram (11999155),Andre Iguodala (11999296),Karl-Anthony Towns (11999098)
Devin Booker (11999128),Dennis Schroder (11999229),Brandon Ingram (11999155),DeMarcus Cousins (11999182),Steven Adams (11999140),Andrew Wiggins (11999191),Julius Randle (11999124),Josh Jackson (11999213)
Damian Lillard (11999115),Devin Booker (11999128),Brandon Ingram (11999155),Julius Randle (11999124),DeMarcus Cousins (11999182),Dennis Schroder (11999229),Meyers Leonard (11999343),Jahlil Okafor (11999227)
Russell Westbrook (11999091),Kelly Oubre Jr. (11999186),Andrew Wiggins (11999191),Darius Miller (11999355),Jahlil Okafor (11999227),Devin Booker (11999128),DeMarcus Cousins (11999182),Dennis Schroder (11999229)
Devin Booker (11999128),Josh Hart (11999235),Andrew Wiggins (11999191),Julius Randle (11999124),DeMarcus Cousins (11999182),Brandon Ingram (11999155),Draymond Green (11999164),Dennis Schroder (11999229)
Damian Lillard (11999115),Dennis Schroder (11999229),Darius Miller (11999355),DeMarcus Cousins (11999182),Meyers Leonard (11999343),Russell Westbrook (11999091),Julius Randle (11999124),Andrew Wiggins (11999191)
Dennis Schroder (11999229),E'Twaun Moore (11999291),Andrew Wiggins (11999191),DeMarcus Cousins (11999182),Jahlil Okafor (11999227),Damian Lillard (11999115),Josh Jackson (11999213),Russell Westbrook (11999091)
Devin Booker (11999128),Dennis Schroder (11999229),Andrew Wiggins (11999191),DeMarcus Cousins (11999182),Jahlil Okafor (11999227),Josh Hart (11999235),Paul George (11999100),Brandon Ingram (11999155)
Devin Booker (11999128),Dennis Schroder (11999229),Andrew Wiggins (11999191),DeMarcus Cousins (11999182),Jahlil Okafor (11999227),Brandon Ingram (11999155),Kyle Kuzma (11999132),Jusuf Nurkic (11999122)
Devin Booker (11999128),Dennis Schroder (11999229),Andrew Wiggins (11999191),DeMarcus Cousins (11999182),Jahlil Okafor (11999227),Brandon Ingram (11999155),Otto Porter Jr. (11999160),Stephen Curry (11999104)
Dennis Schroder (11999229),Brandon Ingram (11999155),Andrew Wiggins (11999191),Draymond Green (11999164),Meyers Leonard (11999343),Russell Westbrook (11999091),Julius Randle (11999124),Jahlil Okafor (11999227)
Russell Westbrook (11999091),Dennis Schroder (11999229),Andrew Wiggins (11999191),DeMarcus Cousins (11999182),Julius Randle (11999124),De'Anthony Melton (11999319),Sam Dekker (11999334),Devin Booker (11999128)
Devin Booker (11999128),Dennis Schroder (11999229),Anthony Tolliver (11999361),Jeff Green (11999264),Julius Randle (11999124),Andrew Wiggins (11999191),DeMarcus Cousins (11999182),Russell Westbrook (11999091)
Russell Westbrook (11999091),Andrew Wiggins (11999191),Moe Harkless (11999301),DeMarcus Cousins (11999182),Julius Randle (11999124),Dennis Schroder (11999229),Michael Beasley (11999305),Devin Booker (11999128)
Dennis Schroder (11999229),Devin Booker (11999128),Andrew Wiggins (11999191),DeMarcus Cousins (11999182),Julius Randle (11999124),Russell Westbrook (11999091),Dragan Bender (11999240),Seth Curry (11999375)
Dennis Schroder (11999229),Kelly Oubre Jr. (11999186),Andrew Wiggins (11999191),DeMarcus Cousins (11999182),Jahlil Okafor (11999227),Russell Westbrook (11999091),Moe Harkless (11999301),Julius Randle (11999124)
Devin Booker (11999128),Dennis Schroder (11999229),Andrew Wiggins (11999191),Trevor Ariza (11999175),DeMarcus Cousins (11999182),Bradley Beal (11999112),Brandon Ingram (11999155),Jahlil Okafor (11999227)
Damian Lillard (11999115),Dennis Schroder (11999229),Paul George (11999100),Darius Miller (11999355),DeMarcus Cousins (11999182),Devin Booker (11999128),Andrew Wiggins (11999191),Jahlil Okafor (11999227)
Devin Booker (11999128),Josh Hart (11999235),Andrew Wiggins (11999191),Josh Jackson (11999213),Jahlil Okafor (11999227),Dennis Schroder (11999229),DeMarcus Cousins (11999182),Karl-Anthony Towns (11999098)
Dennis Schroder (11999229),Brandon Ingram (11999155),Andrew Wiggins (11999191),Julius Randle (11999124),DeMarcus Cousins (11999182),E'Twaun Moore (11999291),Josh Jackson (11999213),Karl-Anthony Towns (11999098)
Russell Westbrook (11999091),Andrew Wiggins (11999191),Anthony Tolliver (11999361),Julius Randle (11999124),Jahlil Okafor (11999227),Andre Iguodala (11999296),DeMarcus Cousins (11999182),Devin Booker (11999128)
Devin Booker (11999128),Brandon Ingram (11999155),Darius Miller (11999355),DeMarcus Cousins (11999182),Zach Collins (11999347),Russell Westbrook (11999091),Julius Randle (11999124),Dennis Schroder (11999229)
Devin Booker (11999128),Frank Jackson (11999383),Evan Turner (11999272),Julius Randle (11999124),DeMarcus Cousins (11999182),Dennis Schroder (11999229),Andrew Wiggins (11999191),Russell Westbrook (11999091)
Devin Booker (11999128),Seth Curry (11999375),Moe Harkless (11999301),DeMarcus Cousins (11999182),Jahlil Okafor (11999227),Russell Westbrook (11999091),Andrew Wiggins (11999191),Julius Randle (11999124)
Devin Booker (11999128),Dennis Schroder (11999229),Andrew Wiggins (11999191),DeMarcus Cousins (11999182),Jahlil Okafor (11999227),Jrue Holiday (11999118),Brandon Ingram (11999155),Steven Adams (11999140)
Russell Westbrook (11999091),Devin Booker (11999128),Andrew Wiggins (11999191),DeMarcus Cousins (11999182),Jahlil Okafor (11999227),De'Anthony Melton (11999319),Zach Collins (11999347),Julius Randle (11999124)
Dennis Schroder (11999229),Brandon Ingram (11999155),Josh Jackson (11999213),DeMarcus Cousins (11999182),Meyers Leonard (11999343),Russell Westbrook (11999091),Julius Randle (11999124),Jahlil Okafor (11999227)
Devin Booker (11999128),Brandon Ingram (11999155),Andrew Wiggins (11999191),Julius Randle (11999124),Jahlil Okafor (11999227),Chasson Randle (11999405),Sam Dekker (11999334),Russell Westbrook (11999091)
Devin Booker (11999128),Dennis Schroder (11999229),Kelly Oubre Jr. (11999186),DeMarcus Cousins (11999182),Julius Randle (11999124),Klay Thompson (11999148),Andrew Wiggins (11999191),Jahlil Okafor (11999227)
Russell Westbrook (11999091),Lance Stephenson (11999277),Andrew Wiggins (11999191),DeMarcus Cousins (11999182),Julius Randle (11999124),Dennis Schroder (11999229),Gorgui Dieng (11999379),Devin Booker (11999128)
Devin Booker (11999128),Chasson Randle (11999405),E'Twaun Moore (11999291),Julius Randle (11999124),DeMarcus Cousins (11999182),Dennis Schroder (11999229),Brandon Ingram (11999155),Russell Westbrook (11999091)
Devin Booker (11999128),Jamal Crawford (11999330),Andrew Wiggins (11999191),Julius Randle (11999124),DeMarcus Cousins (11999182),Dennis Schroder (11999229),Dario Saric (11999288),Russell Westbrook (11999091)
Devin Booker (11999128),Dennis Schroder (11999229),Andrew Wiggins (11999191),Julius Randle (11999124),Meyers Leonard (11999343),Damian Lillard (11999115),Josh Jackson (11999213),DeMarcus Cousins (11999182)
Dennis Schroder (11999229),Brandon Ingram (11999155),Josh Jackson (11999213),Darius Miller (11999355),Jahlil Okafor (11999227),Devin Booker (11999128),DeMarcus Cousins (11999182),Russell Westbrook (11999091)
Devin Booker (11999128),Dennis Schroder (11999229),Andrew Wiggins (11999191),Josh Jackson (11999213),Jusuf Nurkic (11999122),E'Twaun Moore (11999291),Brandon Ingram (11999155),Julius Randle (11999124)
Dennis Schroder (11999229),Brandon Ingram (11999155),Andrew Wiggins (11999191),DeMarcus Cousins (11999182),Karl-Anthony Towns (11999098),Stephen Curry (11999104),Darius Miller (11999355),Jahlil Okafor (11999227)
Dennis Schroder (11999229),Brandon Ingram (11999155),Josh Okogie (11999254),Julius Randle (11999124),Jahlil Okafor (11999227),Josh Hart (11999235),Andrew Wiggins (11999191),Russell Westbrook (11999091)
Devin Booker (11999128),Dennis Schroder (11999229),Andrew Wiggins (11999191),Julius Randle (11999124),Steven Adams (11999140),Damian Lillard (11999115),Meyers Leonard (11999343),Jahlil Okafor (11999227)
Devin Booker (11999128),Brandon Ingram (11999155),Andrew Wiggins (11999191),Josh Jackson (11999213),Nerlens Noel (11999391),Russell Westbrook (11999091),Julius Randle (11999124),Chasson Randle (11999405)
Dennis Schroder (11999229),Brandon Ingram (11999155),Andrew Wiggins (11999191),Julius Randle (11999124),Jahlil Okafor (11999227),Damian Lillard (11999115),Kentavious Caldwell-Pope (11999259),DeMarcus Cousins (11999182)
Dennis Schroder (11999229),CJ McCollum (11999151),Andrew Wiggins (11999191),DeMarcus Cousins (11999182),Julius Randle (11999124),Russell Westbrook (11999091),Meyers Leonard (11999343),Jahlil Okafor (11999227)
Dennis Schroder (11999229),Brandon Ingram (11999155),Andrew Wiggins (11999191),DeMarcus Cousins (11999182),Meyers Leonard (11999343),Devin Booker (11999128),Josh Hart (11999235),Russell Westbrook (11999091)
Dennis Schroder (11999229),Brandon Ingram (11999155),Andrew Wiggins (11999191),DeMarcus Cousins (11999182),Julius Randle (11999124),Kelly Oubre Jr. (11999186),Kevin Durant (11999108),Jahlil Okafor (11999227)
Dennis Schroder (11999229),Andrew Wiggins (11999191),Otto Porter Jr. (11999160),DeMarcus Cousins (11999182),Jahlil Okafor (11999227),Brandon Ingram (11999155),Julius Randle (11999124),Jusuf Nurkic (11999122)
Devin Booker (11999128),Chasson Randle (11999405),Andrew Wiggins (11999191),Julius Randle (11999124),Jahlil Okafor (11999227),Dennis Schroder (11999229),Jeff Green (11999264),Russell Westbrook (11999091)
Devin Booker (11999128),Andrew Wiggins (11999191),Darius Miller (11999355),DeMarcus Cousins (11999182),Karl-Anthony Towns (11999098),Dennis Schroder (11999229),Draymond Green (11999164),Jahlil Okafor (11999227)
Dennis Schroder (11999229),Brandon Ingram (11999155),Andrew Wiggins (11999191),Julius Randle (11999124),Karl-Anthony Towns (11999098),Kentavious Caldwell-Pope (11999259),DeMarcus Cousins (11999182),Darius Miller (11999355)
Damian Lillard (11999115),Devin Booker (11999128),Brandon Ingram (11999155),Josh Jackson (11999213),Julius Randle (11999124),Dennis Schroder (11999229),Andrew Wiggins (11999191),Darius Miller (11999355)
Devin Booker (11999128),Brandon Ingram (11999155),Mikal Bridges (11999314),Julius Randle (11999124),Jahlil Okafor (11999227),Chasson Randle (11999405),Andrew Wiggins (11999191),Karl-Anthony Towns (11999098)
Dennis Schroder (11999229),Devin Booker (11999128),Josh Jackson (11999213),Julius Randle (11999124),Karl-Anthony Towns (11999098),Brandon Ingram (11999155),Meyers Leonard (11999343),Jahlil Okafor (11999227)
Devin Booker (11999128),Dennis Schroder (11999229),Andrew Wiggins (11999191),Meyers Leonard (11999343),Jahlil Okafor (11999227),Josh Hart (11999235),Julius Randle (11999124),Karl-Anthony Towns (11999098)
Dennis Schroder (11999229),Mikal Bridges (11999314),Brandon Ingram (11999155),Julius Randle (11999124),Jahlil Okafor (11999227),Andrew Wiggins (11999191),Josh Jackson (11999213),Karl-Anthony Towns (11999098)
Dennis Schroder (11999229),Brandon Ingram (11999155),Andrew Wiggins (11999191),Julius Randle (11999124),Draymond Green (11999164),Damian Lillard (11999115),DeMarcus Cousins (11999182),Josh Jackson (11999213)
Dennis Schroder (11999229),Devin Booker (11999128),Andrew Wiggins (11999191),Julius Randle (11999124),Karl-Anthony Towns (11999098),Chasson Randle (11999405),Brandon Ingram (11999155),Moe Harkless (11999301)
Devin Booker (11999128),Andrew Wiggins (11999191),Brandon Ingram (11999155),Meyers Leonard (11999343),Jahlil Okafor (11999227),E'Twaun Moore (11999291),DeMarcus Cousins (11999182),Russell Westbrook (11999091)
Dennis Schroder (11999229),Devin Booker (11999128),Andrew Wiggins (11999191),Darius Miller (11999355),DeMarcus Cousins (11999182),Bradley Beal (11999112),Kevin Durant (11999108),Jahlil Okafor (11999227)
Rajon Rondo (11999217),Devin Booker (11999128),Andrew Wiggins (11999191),DeMarcus Cousins (11999182),Nerlens Noel (11999391),Russell Westbrook (11999091),Julius Randle (11999124),Chasson Randle (11999405)
